{"polynomial": [0.9865989404592073, 0.446821308783497], "R2": 0.8113219470938515}